{"cameraMode":{"drawMode":0,"name":"Shaded","section":"Shading Mode"},"sceneLighting":false,"audioPlay":false,"sceneViewState":{"showFog":true,"showMaterialUpdate":false,"showSkybox":false,"showFlares":true,"showImageEffects":true,"showParticleSystems":true,"showVisualEffectGraphs":true,"m_FxEnabled":true},"in2DMode":false,"pivot":{"x":0.5113202333450317,"y":-0.9367042183876038,"z":1.4560978412628174},"rotation":{"x":0.06074419617652893,"y":-0.24184870719909669,"z":-0.015344369225203991,"w":-0.9682782292366028},"size":0.37103569507598879,"orthographic":false}